<?xml version="1.0"?>
<ruleset name="Android Application Rules">
    <description>Custom ruleset for Android application</description>
    <exclude-pattern>.*/R.java</exclude-pattern>
    <exclude-pattern>.*/gen/.*</exclude-pattern>

    <rule ref="rulesets/java/android.xml" />
    <rule ref="rulesets/java/basic.xml" />
    <rule ref="rulesets/java/braces.xml" />
    <rule ref="rulesets/java/clone.xml" />
    <rule ref="rulesets/java/controversial.xml">
        <exclude name="UnnecessaryConstructor" />
        <exclude name="AtLeastOneConstructor" />
        <exclude name="DataflowAnomalyAnalysis" />
        <exclude name="DefaultPackage" />
        <exclude name="AvoidPrefixingMethodParameters" />
        <exclude name="NullAssignment" />
        <exclude name="OnlyOneReturn" />
        <exclude name="AvoidLiteralsInIfCondition" />
    </rule>
    <rule ref="rulesets/java/design.xml">
        <exclude name="MissingBreakInSwitch" />
        <exclude name="AvoidSynchronizedAtMethodLevel" />
        <exclude name="AvoidDeeplyNestedIfStmts" />
        <exclude name="UnsynchronizedStaticDateFormatter" />
        <exclude name="GodClass" />
        <exclude name="NonThreadSafeSingleton" />
    </rule>
    <rule ref="rulesets/java/empty.xml" />
    <rule ref="rulesets/java/finalizers.xml" />
    <rule ref="rulesets/java/imports.xml">
        <!-- Espresso is designed this way !-->
        <exclude name="TooManyStaticImports" />
    </rule>
    <rule ref="rulesets/java/logging-java.xml" />
    <rule ref="rulesets/java/naming.xml">
        <exclude name="AbstractNaming" />
        <exclude name="LongVariable" />
        <exclude name="ShortMethodName" />
        <exclude name="ShortVariable" />
        <exclude name="VariableNamingConventions" />
    </rule>
    <rule ref="rulesets/java/optimizations.xml" />
    <rule ref="rulesets/java/strictexception.xml">
        <exclude name="AvoidCatchingGenericException" />
        <exclude name="AvoidThrowingNullPointerException" />
    </rule>
    <rule ref="rulesets/java/strings.xml" />
    <rule ref="rulesets/java/typeresolution.xml" />
    <rule ref="rulesets/java/unnecessary.xml" />
    <rule ref="rulesets/java/unusedcode.xml" />

    <rule ref="rulesets/java/controversial.xml/AvoidLiteralsInIfCondition">
        <properties>
            <property name="ignoreMagicNumbers" value="-1,0,1" />
        </properties>
    </rule>
</ruleset>